subreddit,title,selftext
psychology,"New research suggests narcissists and people with high self-esteem can be distinguished by their physiological arousal: Compared to children predisposed to high self-esteem, those predisposed to narcissism show higher arousal during a social-evaluate task (i.e. performing a song in front of others).",
psychology,Put on your best smile :^),
psychology,"When people drink / do drugs to deal with their problems, are they aware that they are doing so to deal with their problems?",
psychology,Psychological Research/Surveys Thread,"Welcome to the [r/Psychology]( Research Thread!

Need participants? Looking for constructive criticism? In addition to the weekly discussion thread, the mods have instituted this thread for a surveys.

General submission rules are suspended in this thread, but all top-level comments must link to a survey and follow the formatting rules outlined below. Removal of content is still at the discretion of the moderators. [Reddiquette]( applies. Personal attacks, racism, sexism, etc will be removed. Repeated violations may result in a ban. This thread will occasionally be refreshed.

In addition to posting here, post your surveys to [r/samplesize]( and join the discussion at [r/surveyresearch](

TOP-LEVEL COMMENTS

Top-level comments in this thread should be formatted like the following example (similar to [r/samplesize](

 \[Tag\] Description (Demographic) Link
 ex. \[Academic\] GPA and Reddit use (US, College Students, +) [Link](
 Any further information-a description of the survey, request for critiques, etc.-should be placed in the next paragraph of the same top-level comment.

RESULTS

Results should be posted as a direct reply to the corresponding top-level comment, with the same formatting as the original survey.

 \[Results\] Description (Demographic) Link
 ex. \[Results\] GPA and Reddit use (US, College Students, +) [Link](

\[Tags\] include:

 Academic, Industrial, Causal, Results, etc.

(Demographics) include:

 Location, Education, Age, etc."
psychology,Weekly Discussion Thread,"Welcome to the [r/psychology]( discussion thread!

As self-posts are still turned off, the mods have re-instituted discussion threads. Discussion threads will be ""refreshed"" each week (i.e., a new discussion thread will be posted for each week). Feel free to ask the community questions, comment on the state of the subreddit, or post content that would otherwise be disallowed.

Do you need help with homework? Have a question about a study you just read? Heard a psychology joke?

Need participants for a survey? Want to discuss or get critique for your research? Check out our [research thread!]( While submission rules are suspended in this thread, removal of content is still at the discretion of the moderators. [Reddiquette]( applies. Personal attacks, racism, sexism, etc will be removed. Repeated violations may result in a ban.

Recent discussions

[Click here for recent discussions from previous weeks.]("
psychology,Polyamory as an Adaptive Strategy in an Unstable World,
psychology,Micro-Abandonments: How a Narcissist Gains Emotional Control,
psychology,Study suggests the  election resulted in increased anxiety and depression across political spectrums,
psychology,Study identifies factors that influence the link between men's body esteem and their ability to enjoy their sexuality,
psychology,"Study suggests psilocybin increases mindfulness, especially when accompanied by mystical experiences",
psychology,"Without makeup, men found teenage girls' faces as more attractive than adult women.",
psychology,"Study suggests that PFC influences on vagus nerve immunomodulation affects telomere length, and may further our understanding of the link between emotion/stress regulation and aging.",
psychology,"Teen suicides plummeted in March ', when schools shut due to COVID. Returning from online to in-person schooling was associated with a -% increase in teen suicides.",
psychology,So I found this video of Carl Jung saying that the psyche not necessarily confined to space and time and I was wondering if there was any recorded proof of such things?,
psychology,The Case of using Psychedelics for Self Improvement,
psychology,"How come high sensitive persons/ sensory processing sensitivity is viewed as a personality trait rather than a disorder? The argument 'that's just how you are wired' is also true for a lot of other actual disorders, right? Like... A person with autism can't just rewire themselves either?",
psychology,Thoughts on long term implications for teaching my kid to pee in the panda’s mouth?,
psychology,How close is this theory to pseudoscience?,
psychology,When does meditation works at its best ? before or after sleeping ?,
psychology,Journal of Happiness Studies... Introduction to a Culturally Sensitive Measure of Well-Being: Combining Life Satisfaction and Interdependent Happiness Across  Different Cultures,
psychology,Neuerscheinung! Peter S. Fischer Burnout Mein Weg in und aus der Krise Als Print und E-Book In jedem Onlinehandel und Buchhandel,
psychology,Not Without Self Awareness,
psychology,Sorry prof. I dissociated. What's this?,
psychology,"Is parentifying also damaging for adult kids (+)? And how to help parentifying parents without giving up own life or seeming ""uncaring""?",
psychology,"Design for the Utopia You Want, Not the Dystopia You're In",
psychology,Does anonymity encourage people to misbehave?,
psychology,Whats the best way to learn the base of Carl Gustav Jung's ideas? I'd like to have some bibliography to learn about his ideas. Thank you,
psychology,Exercising  minutes per week for four months straight is equally effective as a prescription antidepressant.,
psychology,Exercising  minutes per week for four months straight is equally effectivel as a prescription antidepressant.,
psychology,Exercising  minutes per week for four months straight is equally effective as a prescription antidepressant,
psychology,Psychologist Explains Why People Believe In The Paranormal - I thought this community may enjoy :) - Subscribe if you want to see similar paranormal content soon!,
psychology,"A single, moderate dose of psilocybin reduces depressive symptoms for at least two weeks, controlled study finds",
psychology,Feeling Lost In Life? This Mario Kart Analogy Will Help You,
psychology,Here are the top  most popular PsyPost articles of all time,
psychology,"Why do I find this kind of images calming, soothing and comforting? (This is Beksinski as an example)",
psychology,Energetic Aliens (on individuals exhibiting extraordinary cognitive stamina),
psychology,"It's Not Just In Your Head January Reading Group: ""Why You Don't Need Friends""",
psychology,I will design a website for you or your business,
psychology,The Truth About BDSM,
psychology,What are Cognitive Behavioral Therapy books that have served you well?,
psychology,Why do people tailgate? A psychologist explains what's behind this dangerous habit,
psychology,"A study of ECT on  children and adolescents; methodological, conceptual, and ethical concerns",
psychology,Psychedelics and eco spirituality,
psychology,New research identifies a cognitive mechanism linked to reduced susceptibility to fake news | The study found that people with greater insight-based problem solving skills were less likely to fall for fake news.,
psychology,"Patients With Prenatal Alcohol Exposure Frequently Misdiagnosed, Face Multiple Challenges",
psychology,Intermittent hypoxic–hyperoxic training on cognitive performance in geriatric patients,
psychology,Finding Work Experience For Graduate and Postgraduate Education,
psychology,My ex tells everyone I’m crazy and talks about me behind my back but then comes and spends time with me all the time and sleeps with me? (The song maniac by connan gray describes him perfectly),
psychology,A study discovered that psychopaths and sadists are more interested in fire and lighting fires,
psychology,An AI called GPT- can revive a digital version of your younger self via old journals/chats. QUESTION: Is this generally healthy?,
psychology,Scientists Have Created the Most Detailed Map of the Brain’s Memory Hub – And It Could Change Our Understanding of Memory,
psychology,An interesting case study of psychological projection,
psychology,RESEARCH SURVEY ON SOCIAL MEDIA AND POLICE,
psychology,Study finds “incel” traits are linked to paranoia and other psychopathological issues,
psychology,Best Psychology Tricks. short shorts,
psychology,"A poster that was inside a Panera, thoughts?",
psychology,High IQ is correlated with exceptional creativity in STEM fields,
psychology,Boys are graded tougher than girls in school. Why?,
psychology,Jordan Peterson threatened with psychologists licence being revoked over political statements online,
psychology,Tool to change negative thoughts,
psychology,Brain Relies on Sight to Recognise Voice,
psychology,ENFJs compatibility,
psychology,"PROJECT BLUEBIRD: Deliberate Creation of Multiple Personality by Psychiatrists Through Funding From The CIA, Army, Navy, and Air Force",
psychology,tomasito -twos pt a-b,
psychology,Psychology behind Motivation.,
psychology,The Role of Money in Shaping Our Personal Identity,
psychology,Life’s Too Short to be Lost: Here’s How to Find Your Way,
psychology,"Internalization of cultural ideals predicts judgments of male and female physical attractiveness | “Decades of body image research has shown that internalizing these messages, and comparing oneself against them, can lead to dissatisfaction with one’s own body...""",
psychology,Your Pain: TAKING PROCESSING POWER | Clear It Out!! (RESET),
psychology,Spaced Repetition - How you can use this simple trick to improve your memory (science backed) + conceptualization of memory as behavior,
psychology,"Just finished ‘Active Listening’ by Rogers and Farson (Mockingbird Press reprint, highly recommended) for the first time, and it felt like one of the most important psychological tracts I’ve ever read—a true tonic for our divided world. Thoughts?",
psychology,The Different Schools of Psychology,
psychology,Blood Pressure Drug Holds Promise for Treating PTSD,
psychology,Race and ethnicity appear to play an important a role in the link between psychedelic use and mental health outcomes,
psychology,LibraryofAlexandria on TikTok,
psychology,The Bad Psychologizing of Neuroscience and the Quest for Metaphor,
psychology,Time to Place the Concepts of Self-Esteem and Self-Worth on the Shelf Next to Hysteria and Lobotomies,
psychology,"New finding on flud-intelligence: Our findings indicate that a set of predominantly right frontal regions, rather than a more widely distributed network, is critical to the high-level functions involved in fluid intelligence.",
psychology,signs someone is secretly jealous of you. Click link below to watch.,
psychology,"psychologist of reddit, why I do always feel like someone is calling me ?",
psychology,"psychologist of reddit, why do I always feel like someone is calling me (ignore the picture)",
psychology,Psychology study on why school shootings happen,
psychology,Vagal tone and neutral moods associated with more accurate metacognitive judgements of performance during cyber defense exercise. Positive moods negatively associated with metacognitive accuracy,
psychology,"Human's state of mind in presence of murder, criminology and psychology study. This is form for a research I’m currently doing. If anyone has time to answer a few questions I would be thankful!",
psychology,"Human’s state of mind in presence of murder, criminology and psychology study. This is form for a research I’m currently doing. If anyone has time to answer a few questions I’ll be thankful!",
psychology,"I'm a psychologist in Finland, the No.  happiest country in the world—here are  things we never do — CNBC",
psychology,dr andrew huberman dopamine increase Chocolate vs Cocaine vs nicotine vs exercice,
psychology,The serotonin theory of depression: a systematic umbrella review of the evidence,
psychology,Troubled Teen Schools: Therapy or Child Abuse?,
psychology,"Viewing social media posts that celebrate different body sizes, shapes, colours and abilities can improve body satisfaction and reduce the tendency to compare appearance with others",
psychology,Not LearningFromFailure — the Greatest Failure of All.,
psychology,Personality and secret keeping: New research shows people are more likely to share their secrets with you if you are compassionate and assertive but not if you're polite or enthusiastic.,
psychology,"Among psychedelic-experienced users, only past use of psilocybin reliably predicts nature relatedness",
psychology,why do i not feel,
psychology,"Peterson, you idiot,",
psychology,Please share books on controlling or give more information on psychotic episodes or mania,
psychology,Participants Wanted! Link to survey -,
psychology,New study links inflammation to decreased cognitive functioning in those with depression and obesity,
psychology,"For five years in a row, Finland has ranked No.  as the happiest country in the world, according to the World Happiness Report",
psychology,"Human's state of mind in presence of muder, criminology and psychology study form.",
psychology,"Recent studies show that people who seek solitude for self-motivated reasons experience improved well-being. It's a key part of happiness for sensitive people. But, solitude due to external reasons induce loneliness. Even an unmet need for alone-time (Aloneliness) can reduce well-being.",
psychology,The cycle of intoxication,
psychology,"Narcissism reduces the quality of long-term friendships, study finds",
psychology,"Canada's Peterson Challenges ""Remedial"" Training Order",
psychology,Psy state,
psychology,A systematic review of the neural correlates of well-being reveals no consistent associations,
psychology,Drug Misuse and Addictions: Evolutionary Perspectives – Paul St-John Smith,
psychology,Patients in manic episodes exhibit deficits in olfactory function,
psychology,Early Readers Wanted!,
psychology,American psychiatry in the new millennium: a critical appraisal,
psychology,Scientists Discover Brand New Part Of The Human Brain,
psychology,Ways to Become More Grateful. I feel I'm not grateful enough for my safe and healthy life. How can I be more grateful?,
psychology,"""Everyone You Will Ever Meet Knows Something You Don't"" - The  Types of Intelligence",
psychology,Why Money Can't Buy Happiness - Investors Psychology,
psychology,Can a person be emotional and reactionary yet brave and bold?,
psychology,Can a person be emotional and reactionary yet brave and bold?,
psychology,Can a person be emotional and reactionary yet brave and bold?,
psychology,Can a person be emotional and reactionary yet brave and bold?,
psychology,"The best mindfulness techniques/advice you know of, what works best for most people, and what works best for you personally?",
psychology,Why do some men have the need to propose online? to a woman they don’t know &amp; are obviously going to say no but they think that they are going to get a genuine yes…,
psychology,New study challenges previous ideas regarding Alzheimer's disease,
psychology,Benefits of Stress You Need to Know,
psychology,Persuasive Benefits of Self-Generated Arguments: Moderation and Mechanism,
psychology,I just can’t,
psychology,Empaths and Anxiety: Is There a Connection?,
psychology,Neuroscientist : how to getting any woman without trying - secret to successful relationship,
psychology,Short Men are overall evil by high Narcissistic and Psychopathic behaviors than average height men,
psychology,Signs You Have an Attractive Personality - how to have the most attrac...,
psychology,Weekly Discussion Thread,"Welcome to the [r/psychology]( discussion thread!

As self-posts are still turned off, the mods have re-instituted discussion threads. Discussion threads will be ""refreshed"" each week (i.e., a new discussion thread will be posted for each week). Feel free to ask the community questions, comment on the state of the subreddit, or post content that would otherwise be disallowed.

Do you need help with homework? Have a question about a study you just read? Heard a psychology joke?

Need participants for a survey? Want to discuss or get critique for your research? Check out our [research thread!]( While submission rules are suspended in this thread, removal of content is still at the discretion of the moderators. [Reddiquette]( applies. Personal attacks, racism, sexism, etc will be removed. Repeated violations may result in a ban.

Recent discussions

[Click here for recent discussions from previous weeks.]("
psychology,True,
psychology,Thoughts on this?,
psychology,Gratis Playstation Network Kaartcodes,
psychology,"Abortion associated with lower psychological distress compared to both adoption and unwanted birth, study finds",
psychology,Have u ever made it threw something that was meant to harm hurt or hold u back? Well my logo represents the unknown spiritual world that comes threw and saves us each and ever time. Please share a story of a hard time u over came not knowing how?,
psychology,Are Jungian therapies/analysts reputable?,
psychology,Gaming Addiction: How Companies Have Manipulated Us,
psychology,The Region-Beta Paradox: Why You’re Better Off When Things Are Fcking Terrible,
psychology,"How To Use Cold Exposure Correctly "" | The Proper Way To Use Cold Exposure",
psychology,Where nature interacts with nature,
psychology,Was this experience normal ?,
psychology,"Famous Psychologist now being pressured by ""THE COLLEGE OF PSYCHOLOGISTS OF ONTARIO"" for criticizing the Canadian government on outlets such as twitter and JRE podcast, he is now being pressured into media re-training and threatens to take away his clinical psychology license if he does not comply.",
psychology,Is “Sense of self” absent or ill-constructed in people with depression or anxiety? THREAD,
psychology,Is Jordan Peterson the most intellectual modern day psychologist?,
psychology,Human psychology in sales,
psychology,New Study Uncovers Surprising Connection Between Evolution and Discrimination,
psychology,Small exposures to body positive content can improve body image,
psychology,Transpersonal Psychology is there anyone here who practices Transpersonal psych?,
psychology,Music on psychology,
psychology,real real,
psychology,Learn the Facial Action Coding System (FACS) | Action Unit  (AU),
psychology,Thoughts on the Quantum Mind Theory of Consciousness?,
psychology,"Sexual desire might be affected by a complex interaction between testosterone and cortisol, study finds | Results showed that general sexual desires and dyadic sexual desire in women was associated with changes in hormone levels, but this was only the case with the solitary sexual desire in men.",
psychology,BA Thesis Survey: world events and comparative social opinion.,
psychology,I have discussions / with another side of me when trying to decide on something. Is this a symptom of some disorder?,
psychology,Why do we want to talk to our ex when our current relationships are down?,
psychology,"Young Adults Who Frequently Play Video Games Have Improved Executive Functioning Compared to Casual Gamers, Research Suggests",
psychology,"Prevalence of violence by people living with severe mental illness against their relatives and its associated impacts: A systematic review finds mothers were the group most likely to report being victims, compared with other relatives.",
psychology,Is this article well written? I wrote this for my space on Quora and am wanting feedback on it. Its about authenticity and love.,
psychology,Farmers face severe mental health care barriers,
psychology,Every exam tho?,
psychology,"Sex workers display heightened openness, conscientiousness, and Machiavellism",
psychology,The Rebirth of Psychedelic Medicine - Neuroscience News,
psychology,Review study suggests psychological trauma nearly triples a person’s risk of mental disorder,
psychology,"The safer you feel, the less safely you might behave – but research suggests ways to counteract this tendency",
psychology,Study links vitamin D deficit to accelerated brain aging,
psychology,"Soothe Stress, Enhance Joy: Havening for Educators",
psychology,Small Penises and Fast Cars: Evidence for a Psychological Link,
psychology,How to treat stupid bitch disease? Thanks.,
psychology,What is Anger Management?,
psychology,Andrew Huberman | the billion dollar daily routine | simple morning habits you must start today,
psychology,Qualtrics Survey | Qualtrics Experience Management,
psychology,"Working fewer hours is associated with higher life satisfaction, according to new research",
psychology,High IQ is highly correlated with creativity in STEM fields,
psychology,A systematic review on the current conceptualisations of successful psychopathy,
psychology,Lessons From the NFL on Mental Fitness and Masculinity Norms,
psychology,Mental health tops 's New Year resolution list. The majority of those who made the resolution are between - years of age. Congratulation! A step towards destigmatising mental health.,
psychology,Why We Shouldn’t Compare Transracial to Transgender Identity,
psychology,"Feeling loved, optimistic or happy as a teen may lead to better health in adulthood",
psychology,Study explores how the facial expressions we send to others influence our interpretation of social cues,
psychology,Study links childhood maltreatment with multiple mental health problems,
psychology,‘Groundbreaking’ autism test detects disorder in a single strand of hair,
psychology,Is this correct advice?,
psychology,Social Media And Mental Health,
psychology,"How Better Planning, Behaviour Regulation May Lead to Eating Less Fat",
psychology,Do You Know a Successful Psychopath? - New review data suggests how a subset of people with psychopathy can thrive.,
psychology,What Happens When You Only Pursue Pleasure - Alan Watts,
psychology,Study: % of severe alcoholics exhibit significant cognitive improvements within  days of abstinence,
psychology,Foiled again!,
psychology,What could cause this?,
psychology,Decoding semantic representations in mind and brain,
psychology,"Review article of methods in semantic representation in cognitive science - Methods favouring the study of localised, homogenous regions of the brain are overwhelmingly common despite research indicating that many semantic codes are distributed across the brain",
psychology,"""Intelligence has been found to predict a wide range of criminal and antisocial behaviors, including violent [criminality].. individuals with lower intelligence levels (typically measured as IQ) tend to be more likely to engage in criminal behavior.""",
psychology,"""Childhood Maltreatment and Mental Health Problems: A Systematic Review and Meta-Analysis of Quasi-Experimental Studies"", Baldwin et al  (the correlation between childhood maltreatment/psychiatric problems is highly confounded)",
psychology,"Homeless Mother with  Children, organized by Mayeline Ricart",
psychology,Check it out,
psychology,New research suggests a major reason some people keep blaming others for their own mistakes is that they are bad at regulating their emotions.,
psychology,"You are NOT born to be a leader. Or, are you?",
psychology,Is it me or do you ever feel like you push away stuff that has the potential to help you !?,
psychology,"School Survey regarding learning new things/skills during the  Pandemic. Open to anyone, not limited to Singaporeans",
psychology,How long does it usually take for women age - to fall in love?,
psychology,Reasons to NOT Have Kids (links in the description.),
psychology,"Pornography use tends to have a negative association with relationship stability, study finds",
psychology,"The Autism Symptom Dimensions Questionnaire: Development and psychometric evaluation of a new, open-source measure of autism symptomatology",
psychology,How Hearing Loss &amp; Dementia Are Connected In Older Adults?,
psychology,"Healing through helping: an experimental investigation of kindness, social activities, and reappraisal as well-being interventions",
psychology,"Contrary to the moral comparison, appearance-based standards comparison is most frequently made with those of better looks than our own, and we suffer for it",
psychology,"Falling Birth Rate Not Due to Less Desire to Have Children, According to New Study",
psychology,UK researchers reveal worrying rise in antipsychotic prescriptions for children and young people,
psychology,"Young people don't need to be convinced to have more children, study suggests",
psychology,Anxious individuals are less likely to experience “states of flow” while playing music,
psychology,My psychological theories that I hope to one day turn into a book,
psychology,"Whiskey brands that outsource distillation lose image of authenticity among consumers. Intangibles like intuition of distillers, hand-raked grains, family ties to Prohibition era moonshiners matter, but less than observable marks of craftsmanship like on-site stills or integrated farming operations.",
psychology,New research identifies distinct sleep and circadian profiles in seasonal depression,
psychology,"Try to guess personality traits and certain psychological makeup elements based on brief excerpts of visual art preference mosaic, of two users, and try to describe differences between them. Is it just bling guessing or would such assessment be of at least small amount of credibility? Thx.",
psychology,Looking for a sub where I can just chat about psychology topics casually (my posts get rejected on all major psychology subs) Thank you.,
psychology,Sam Harris vs. Jonathan Haidt. Sam and Jonathan debate religion and morality.,
psychology,Has anyone listened the Psychosocial Distancing podcast?,
psychology,"When one door closes, a whole universe opens",
psychology,'Zone of Uncertainty' in the Brain Influences Its Ability to Form New Memories,
psychology,Get on with it,
psychology,"Review summarising data on efficacy, tolerability &amp; cognitive effects of brain stimulation treatments for bipolar disorder",
psychology,Common Brain Network for Psychiatric Illness Discovered,
psychology,If you are a student that is  or older please take part in my dissertation study. Is a questionnaire that takes no longer than  mins and is investigating personality traits with alcohol use in a student population.,
psychology,"Endorsement of populist attitudes might fuel feelings of hate over time, study suggests",
psychology,Dr Grande recently sided with Jordan Peterson on the issue of revoking his license.,
psychology,Why do we get our best ideas in the shower? Research shows that the “shower effect” enhances our creativity through mind wandering and involves our brain’s default mode network,
psychology,"""associations between childhood psychopathology and adult traits like insomnia and subjective well-being may be primarily driven by genetic factors that influence adult major depression.""",
psychology,Free will: why people believe in it even when they think they're being manipulated,
psychology,Has anyone taken the emotional intelligence test on  ? I can’t find anything else online.,
psychology,Need help finding ORIGINAL source of this video - s Generalized Anxiety Disorder. Psychiatric Interview,
psychology,Check it out,
psychology,"The emotional stress of growing up in a poor household may contribute to obesity | Known as the “insurance hypothesis” – the theory is that people who do not have ready access to food eat more to store energy when they do have food, to avoid hunger in the future when food is scarce.",
psychology,Is it possible to unconsciously gaslight people?,
psychology,Gene Expression has Distinct Associations with Brain Structure and Function in Major Depressive Disorder,
psychology,% Military Veterans PTSD-Free After  Weeks of Exposure Therapy,
psychology,"LA This syndrome has a name, and it’s commonly called Koro in Asia or simply ‘genital retraction syndrome’ in the Western world. It’s defined as a culture-specific syndrome also known as folk illness where individuals have the genuine belief that their genitalia are retracting and will disapper.",
psychology,Confirmation Bias - Favouring the unfavourable,
psychology,"my school sucks, please answer my useless google form so that I can get a grade. It's about personality. it's in Swedish so do your best, lol",
psychology,Study uncovers new details on how friendship structures are linked to the marital quality of heterosexual couples,
psychology,Psychedelic Microdosing Improving Mood and Mental Cognition,
psychology,"Do I have unusual insecurities? I'm always afraid someone will disrespect me or take me for granted somehow. I catch myself dwelling on trivial matters. For example, I get upset when a cashier at a store puts my change on the counter instead of handing it to me. What's wrong with me?",
psychology,,
psychology,Who remembers when Jordan Peterson Destroyed Kathy Newman in a debate over the gender pay gap!,
psychology,Free Playstation Redeem Code,
psychology,Is there a psychological phenomenon like the Oedipus complex where the father will try to kill his son in fear of him getting too much attention from the mother?,
psychology,"Let's discuss social constructionism, personality and individual differences.",
psychology,is there a term for the effect when the story is changed after being communicated between several people?,
psychology,Risk of Autism Associated With When and Where Forebears Lived - Neuroscience News,
psychology,Weekly Discussion Thread,"Welcome to the [r/psychology]( discussion thread!

As self-posts are still turned off, the mods have re-instituted discussion threads. Discussion threads will be ""refreshed"" each week (i.e., a new discussion thread will be posted for each week). Feel free to ask the community questions, comment on the state of the subreddit, or post content that would otherwise be disallowed.

Do you need help with homework? Have a question about a study you just read? Heard a psychology joke?

Need participants for a survey? Want to discuss or get critique for your research? Check out our [research thread!]( While submission rules are suspended in this thread, removal of content is still at the discretion of the moderators. [Reddiquette]( applies. Personal attacks, racism, sexism, etc will be removed. Repeated violations may result in a ban.

Recent discussions

[Click here for recent discussions from previous weeks.]("
psychology,"""Please take a few minutes to complete the research survey on social media usage, Fear of Missing Out, and Psychological Wellbeing among Adolescents. Your participation is greatly appreciated and will help us to better understand these important issues. Please click on the following link.",
psychology,Andrew Tate  Luxury Cars Seized by Romanian authorities | The Time Lapse,
psychology,Sub-Auditory Hypnosis. Is it dangerous?,
psychology,"Social Media Usage, FOMO &amp; Psychological Wellbeing among Adolescents",
psychology,"Psychopathic individuals more likely to view sexual fantasies and emotional expressions as infidelity, study finds",
psychology,I saw faces,
psychology,Activity | Stoicism in practice | Continual Improvement | Turning theory into practice | Stoicism,
psychology,"I hope this is allowed. After being diagnosed as autistic/adhd as an adult, I’m desperately looking for a sense direction or purpose in life. There has to be a reason my brain works differently and I’d appreciate any insight as I try to become more self-aware.",
psychology,Beliefs about the unhoused (survey),
psychology,Beliefs about the unhoused,
psychology,"Stumbled across this user while throwing shit at a rape porn sub, most specifically, a post about a ""girl"" wanting to role-play about fucking a corpse (...yeah). This woman randomly showed up on my DMs. Is this person really a psychologist? because I genuinely do not buy anything she's saying.",
psychology,The Problematic Issue of Boundaries and Autism,
psychology,The Effects of Air Pollution on the Brain: a Review of Studies Interfacing Environmental Epidemiology and Neuroimaging,
psychology,Tool to fgure out your why you procrastinate very useful,
psychology,That's why your desire is delayed,
psychology,How accurate is the currently established ADHD research in the digital age?,
psychology,"Having strong social connections can improve your health, according to global study",
psychology,"Engaging in religious practice, even if you don't believe, may increase your capacity to delay gratification",
psychology,Can anyone who have the acess to this article make a copy of it? because my university is not subscribed to Sage Journals i cannot read it,
psychology,"Your mood affects the way you process language. When you're in a bad mood, you might want to focus on tasks that are more detail-oriented, such as proofreading",
psychology,Most psychology researchers interpret the results of multiple replication studies through naive vote counting,
psychology,"Hey, is there an analyst who can tell me what my girlfriend meant by this. It represents her home and family members",
psychology,"Musicians are more desirable dates to both men and women, supporting Darwin's sexual selection hypothesis",
psychology,Study shows cyclic breathing technique more effective in reducing stress than mindfulness meditation,
psychology,"Why do morally broken, humiliated people have a strange position of their hands?⁠⁠ I noticed this in some people, but I didn't think it was a pattern until I saw the moment with Theon Greyjoy in Game of Thrones.",
psychology,"Facebook overuse lowers self-worth, worsens depression: Study",
psychology,Say goodbye to any addiction forever,
psychology,This professor wrote a best-selling parenting guide. Then  of his  kids committed suicide.,
psychology,Would Psychopaths Make Good Surgeons?! | Dr Karan Rajan,
psychology,Harvard Psychiatry Professor Robert Waldinger talks with Sam Harris about “The Long Game”,
psychology,Join the Psychopharmacology Discord Server!,
psychology,Suicide: The Truth,
psychology,The Proliferation and Appeal of On-Campus Therapy Dog Programs,
psychology,Research shows psychological trauma can have a positive side but not for everybody (it depends on your core beliefs BEFORE the trauma),
psychology,Looking for current free online MMPI test for research purposes,
psychology,Pressured Coaches Try to Get Sports Psychologists to Gossip,
psychology,"Altruism towards other species may have helped humans thrive, study finds | Animal behaviour",
psychology,Gift giving and receiving: Five studies show that givers are less likely to choose digital (vs. physical) gift cards than recipients are to prefer to receive them. This occurs because givers overestimate the extent to which recipients see digital gift cards as violating the social norms.,
psychology,Romantic Relationships and Mental Health: Investigating the Role of Self-Expansion on Depression Symptoms,
psychology,What does my handwriting say about my personality,
psychology,Owning a pet may have helped people with low resilience cope during the pandemic,
psychology,This Is Why You Feel Invisible,
psychology,RESEARCH ON ATTITUDES TOWARDS POLICE &amp; SOCIAL MEDIA USE (LOOKING FOR MALE RESPONDENTS),
psychology,What would you say about this man?,
psychology,Parental income might influence the probability of homosexuality and bisexuality in adult children,
psychology,"Women respond more strongly to negative, but not positive emotional stimuli than men",
psychology,"Do you think that the modern way of life (video in description as an example) is really main reason young people are more depressed than lets say  years ago, or are new generations more open about their mental health?",
psychology,FoMO gives crypto and trading gurus their pull to the masses,
psychology,"QUALITY OF COMMUNITY LIFE QUESTIONNAIRE - To understand people's thoughts on their community life, kindly answer the first set of fundamental questions and share them with your beloved community ( peers, friends, and family ). This is for my thesis purpose . Thanks in advance.",
psychology,Practice STOP Mindfulness Technique To Calm Your Thoughts,
psychology,Practice STOP Mindfulness Technique To Calm Your Thoughts,
psychology,Children as young as  to  recognize broken promises,
psychology,New study finds libertarians tend to support reproductive autonomy for men but not for women,
psychology,Meditation improves physical and mental health by altering gut microbiota composition,
psychology,"“meat eaters and vegans alike underestimated animal minds even after being primed with evidence of their cognitive capacities. Likewise, when they received cues that animals did not have minds, they were unjustifiably accepting of the idea.”",
psychology,Understanding the Jungian Shadow side and how to integrate it into our lives properly,
psychology,Self-development is guided by the archetypes of the collective unconscious - Symbols of Transformation,
psychology,"I badly need help. Has anyone used Kolb's Learning Style Inventory ver . in their Learning Style research? If so , what did you do when a respondent made ties in the test despite the instructions strictly saying not to? I can't seem to find anything on google or maybe i just suck at this.",
psychology,Why faces might not be as attention-grabbing as we think,
psychology,"(Quote: ""This ecological biome matches  of the  preconditions for stimulating terror in humans."") What could these  preconditions be ?",
psychology,"Study reveals social media platforms' reward structure is why fake news spreads on social media, not due to users' lack of critical skills or strong political beliefs",
psychology,"It is estimated that up to  percent of the over , children in foster care in America suffer from a mental health issue compared to - percent of the general population of children.",
psychology,Mind control,
psychology,"A close friend suffering from severe childhood emotional deprivation constantly tries to convince me that humans don't need love or connection to be fulfilled. I live a fulfilling life and love myself, but still suffer from loneliness and I can't take any more of his invalidation. How do I stop it?",
psychology,Elements of edso,
psychology,Narcissism as a consequence of trauma and early experiences,
psychology,Fear of death may motivate us to play games excessively,
psychology,Creative Ideas of Physicists and Writers Routinely Occur During Mind Wandering -,
psychology,Study: Gender-affirming hormones improve mental health in transgender and nonbinary youth,
psychology,Best psycho therapy treatment hospital in kochi,
psychology,"Nightmare distress is more strongly influenced by the emotional appraisal of a dream than its content | Bad dreams can be distressing — and the severity of this distress partly depends on the way you appraise them, according to recent findings published in the Journal of Sleep Research.",
psychology,"Students who report experiencing discrimination are more vulnerable to suicidal thoughts and behaviors, study finds |Adolescents who feel they experience discrimination are more likely to report suicidal thoughts and behaviors, according to research published in Psychiatry Research.",
psychology,Effects of a -Day Pornography Abstinence Period on Withdrawal-Related Symptoms in Regular Pornography Users: A Randomized Controlled Study,
psychology,Hatred of the opposing political camp fuels susceptibility to misinformation that favors one's own side—both among Democrats and Republicans—and particularly among the politically sophisticated,
psychology,How infant temperament extends its reach into young adulthood | Aeon Essays,
psychology,New study on intrasexual competition sheds light on women's most common insults toward female rivals,
psychology,where can i find free psychology textbooks ? (PDF downloadable) EXAMPLE:,
psychology,Delusions what are your most reacuring I have schizoaffective disorder and really struggle with them,
psychology,Government’s psych session cuts ‘hit young women’,
psychology,Are you making your leader’s job harder? Find out on the blog Monday. Link in bio. hr workplace leadership management,
psychology,Media can battle polarization by telling personal stories -- a new study shows that pairing personal experiences with facts can help us dehumanize people on the other side of controversial issues less,
psychology,A survey for my Uni project,
psychology,Matti Wilks on human-animal interaction and moral circle expansion,
psychology,What is Good Behavior?,
psychology,UCSD study shows Wildfires induced by Climate Change affect the cognitive functioning of both directly and indirectly-exposed survivors years after the event,
psychology,Some women exhibit “paradoxical associations” between mood and sexual desire,
psychology,Take Good Decision For The Ultimate Child Psychologist In Agra,
psychology,Can Exercise Help Kick The Habit of Drug?,
psychology,How to Cure your Erectile Dysfunction Without Drugs - a blogpost,
psychology,The brain of a -year-old kid,
psychology,"Orthorexia and perceptual body image- females, +",
psychology,"New study shows that people would quite like to be more moral than they are, but predominantly as far as it would benefit themselves and not others",
psychology,VR technology can improve anxiety and depression in adults with disabilities,
psychology,Media can reduce polarization by telling personal stories -- a new study shows that pairing personal experiences with facts can reduce dehumanization of our political opponents,
psychology,"If you believe yourself to be attractive, you are more likely to feel your life has meaning",
psychology,"What are some interesting ideas for an observational study? Need to do one at uni, but I don't want to do something boring like ""do men or women study more"", I want an original topic with little research on it. Any ideas are appreciated!",
psychology,Help make a difference in Psychology!,
psychology,Study: Being in a Bad Mood Makes You More Detail-Oriented,
psychology,Why is it that intelligent people tend to feel lonely most of the time?,
psychology,tomasito- RIP VII,
psychology,"I drew this, what does this say about me",
psychology,“Asking GPT- the Unusual: A Fun Experiment in Language Understanding”,
psychology,I would like to talk to a psychologist. I don't understand How my brain works. I would like to know. also I had to put a picture here so here's a reminder to eat an apple.,
psychology,Research Says You Can Be Both Authentic and Dishonest,
psychology,PTSD Among Ukrainian Civilians in the Russia-Ukraine War,
psychology,Acting Out Dreams Predicts Parkinson's and Other Brain Diseases,
psychology,What does it mean when two girls hug each other in front of a guy (and it's usually the same guy in front of whom they always hug) ? Really curious to know.,
psychology,CHOP Researchers Show Serotonin Can Contribute to Heart Valve Disease,
psychology,Here's something with a reminder,
psychology,"Digital natives' experience of early and continuous exposure to pornography. Fredrika Hedberg. Master's Thesis, Sociology, Lund Univ. Department of Sociology, Spring",
psychology,"Are You Friendly, Temperamental, or Creative? It May Partly Depend on Where You Live",
psychology,What the Longest Study on Human Happiness Found Is the Key to a Good Life,
psychology,"TikTok use is associated with increased body dissatisfaction, study finds",
psychology,Introduction to Clinical Psychology by Kramer TH ED. ISBN:,
psychology,What makes people believe certain rumors but not others?,
psychology,A Link Between Schizophrenia and Vascular Alterations in the Brain,
psychology,Heavy Drinking in Young Adults Tied to Endocannabinoid Pathway,
psychology,No Woman Will Find You Attractive how to Improve Your Attractiveness BY Andrew Huberman,
psychology,Effort impacts IQ test scores in a minor way: A multi-study investigation with healthy adult volunteers,
psychology,Ivy League Psychologists Show The Real Impact Of Sleep On Depression,
psychology,Ivy League Psychologists Research The Impact of Sleep on Depression,
psychology,"i am looking for a book that has extensive information on all of the neurotransmitters. i have yet to find information online except more common ones associated with mood. attached is a very interesting chart about various psychoactive drugs, like the information i’m looking for but less in depth",
psychology,Is there a word in psychology to explain why people talk loudly to foreigners who don't speak the language well?,
psychology,Weekly Discussion Thread,"Welcome to the [r/psychology]( discussion thread!

As self-posts are still turned off, the mods have re-instituted discussion threads. Discussion threads will be ""refreshed"" each week (i.e., a new discussion thread will be posted for each week). Feel free to ask the community questions, comment on the state of the subreddit, or post content that would otherwise be disallowed.

Do you need help with homework? Have a question about a study you just read? Heard a psychology joke?

Need participants for a survey? Want to discuss or get critique for your research? Check out our [research thread!]( While submission rules are suspended in this thread, removal of content is still at the discretion of the moderators. [Reddiquette]( applies. Personal attacks, racism, sexism, etc will be removed. Repeated violations may result in a ban.

Recent discussions

[Click here for recent discussions from previous weeks.]("
psychology,Believe it,
psychology,"Face-off between Islam Makhachev and Alex Volkanovski. Volks hand is twitching, what could that mean?",
psychology,"""On average, the th percentile of intelligence (IQ≈) was rated to be the most sexually attractive and the most desirable in a long-term partner...for most people, a very high IQ in a partner (IQ +) is not the most attractive level of intelligence""",
psychology,Rejected by a girl and now i dream of her,
psychology,The appeal of crypto and trading in relation to gambling,
psychology,this habit is preventing you from succeeding,
psychology,Why does fps feel better than  or  fps for movies? Is there any psychological evidence about this phenomenon?,
psychology,Qualtrics Survey | Rejection sensitivity and attachment style predict optimism while using online dating apps,
psychology,The Psychology of Mimesis: Mikkel Borch-Jacobsen,
psychology,Rules for better Life,
psychology,Getting Better Client Outcomes | Psychology Today,
psychology,"Adverse childhood experiences and mental health problems in a nationally representative study of heterosexual, homosexual and bisexual Danes",
psychology,"Jordan Peterson facing defamation, loss of professional status.",
psychology,Trump’s Diagnosis,
psychology,Trump Diagnosis,
psychology,The Runes of Psychologist Carl Jung - Symbols of the Unconscious,
psychology,Diagnosing Donald J. Trump,
psychology,Coming to terms,
psychology,Emotional Blunting in Patients With Major Depressive Disorder: A Brief Non-systematic Review of Current Research,
psychology,"Chronic escitalopram in healthy volunteers has specific effects on reinforcement sensitivity: a double-blind, placebo-controlled semi-randomised study",
psychology,"Antidepressants can cause ‘emotional blunting’, study shows",
psychology,Music Therapy in Palliative Care Aims to Provide Emotional Care for Terminally Ill Patients,
psychology,"Zest and hope are key character strengths for better health and a sense of purpose in life, large study finds",
psychology,"Close Relationships With Parents Promote Healthier Brain Development in High-Risk Teens, Buffering Against Alcohol Use Disorder",
psychology,"Zest and hope are key character strengths for better health and a sense of purpose in life, large study finds",
psychology,How to Ice Bath for Maximum Dopamine Increase,
psychology,Nina Cooking Now Live on YT,
psychology,Why Your Brain Loves To-Do List: A Complete Psychology Behind This,
psychology,What does it mean if I used to do this to my couch for fun?,
psychology,Music Preferences and Temper Levels Research,
psychology,"Hello everyone, I am a th-year Clinical Psychology Ph.D. student. I am doing fundamental research that can benefit the imprisoned community. Please take some time to participate in taking the short surveys. I appreciate all of you and the work that you all do for our community!",
psychology,A wave of new children is coming to Earth,
psychology,can y'all list me over  neurotransmitters?,
psychology,"The ChatGPT Effect: How advanced AI changes us. We are forced to search for assumptions (instead of raw information) and ask questions more than find answers for innovation, creativity, and progress because ChatGPT readily offers answers.",
psychology,Exposure to natural environments may be protective against Alzheimer’s and Parkinson’s hospitalization,
psychology,Our memory for objects might be better than we think,
psychology,I Outsourced My Memory: How to Remember Everything You Have Read Online,
psychology,My final year project: Do Omega- Fatty Acids Influence Schizotypal Traits?,
psychology,Researching The Effects of Omega- Fatty Acids On Schizotypal Traits,
psychology,Pompeii's House of the Vettii reopens: A reminder that Roman sexuality was far more complex than simply gay or straight,
psychology,Writer looking for resources,
psychology,How do I get rid of hypochondria?,
psychology,Why Fathers Matter: Science of Stable Homes,
psychology,Weird gift from a stranger,
psychology,Child Emotional Intelligence,
psychology,"Psychological flexibility, non-attachment, and materialism",
psychology,Do personal characteristics amplify the perceived guilt of a crime?,
psychology,"u/Gettysburg College Professor of Psychology, Richard Russell, was invited to contribute to a conversation hosted by the BBC in a December radio broadcast. Check out ""Why Do We Do That?"" -- follow the link to hear his thoughts on why humans wear makeup. r/bbc",
psychology,I spent a week with a genuinely down-to-earth Celebrity. Special update this week! Check the blog for deets celebrity famous paparazzi,
psychology,"Risperidone can cause Erectile Dysfunction permanently/long-term, even after discontinuing (refer to Table )",
psychology,Parental income might influence the probability of homosexuality and bisexuality in adult children,
psychology,Invega (paliperidone) and Risperidal (risperidone); large disparities in adverse effect reporting in Published Journal Articles compared to Participant Data and Clinical Studies,
psychology,How to Let Go of Negative Thoughts,
psychology,Do We Allow People to Make Us Sad or Angry?,
psychology,"Consulting for the Modern Entrepreneur: Stay Ahead of the Game""",
psychology,Young adults who have developed insecure attachment tend to be less sexually satisfied | A study published in Sexual and Relationship Therapy suggests that insecure attachment styles are associated with less sexual satisfaction and more likelihood to engage in sexting to avoid losing their partner.,
psychology,"Study shows nonreligious individuals hold bias against Christians in science due to perceived incompatibility| The study also found that when Christianity and science are described as being compatible, nonreligious individuals tend to have more positive views of Christians.",
psychology,"Tweets with moralized language are more likely to get replies that use hate speech. | Findings indicate that the more moralized words are used in a tweet, the more likely the replies to the tweet will contain hate speech. This research may provide clues to what triggers the expression of hate speech",
psychology,Longitudinal study of kindergarteners suggests spanking is harmful for children’s social competence,
psychology,"According to this study: female scientists are approximately % less willing to participate in open science (defined as sharing code, data, pre-registering and running replications).",
psychology,The Therapeutic Attitude in Psychotherapy,
psychology,Feeling unsettled about the Milgram experiment,
psychology,"Three More State-Level Psychedelic Bills In The Works: MO, MA And NY",
psychology,Determined Yet Dehumanized: People Higher in Self-Control Are Seen as More Robotic,
psychology,Research participants,
psychology,New Psychology study Highlights The Relationship Between Mushroom Psychedelics and Virtual Reality (VR).,
psychology,Free Szondi Personality Test - The Original (Not only  Faces) Want to talk about it?,
psychology,Why We Made Fewer Memories during the Pandemic,
psychology,My experience of ECT,
psychology,what do they mean by “impossible” sounds?,
psychology,Sigmund Freud drawing by me. mm x  mm,
psychology,Study: Antidepressants May Be Linked to Antibiotic Resistance,
psychology,Designing a Theory of Mind test for ChatGPT; would this work? Do you have any tips to make it better? (Further detail in comments.),
psychology,Participants for Instagram study,
psychology,"Sleep disorders in parents and children associated with more parental stress, study finds",
psychology,I spent a week with a genuinely down-to-earth Celebrity,
psychology,Slow breathing helps manage the sympathetic (fight-or-flight) response by stimulating the sympathetic nervous system(rest-and-digest),
psychology,Psychology Study on Memory and Health Behaviours,
psychology,HOW Russia Ukraine WAR Will END Jordan Peterson,
psychology,Media and mood regulation (participants needed!!) - years,
psychology,‘You Are Not Special’ | Psychology Today,
psychology,Meditation and mindfulness may be as effective as medication for treating certain mental conditions,
psychology,Does Sexual Desire Fluctuate More Among Women than Men? - Archives of Sexual Behavior,
psychology,"What is a job for someone who doesn’t want to provide therapy, but wants to do psych evaluations?",
psychology,How children are indoctrinated to believe in God ? - Psychology experiment.,
psychology,Activity  | Stoicism in practice | Taking an outside view | Control | Stoicism,
psychology,participants are needed ASAP!!!,
psychology,"Why Gottman’s Four Horsemen (Criticism, Defensiveness, Contempt &amp; Stonewalling) Are So Destructive To A Happy Marriage",
psychology,Brahma Jnanam -The knowledge of God,
psychology,A drug that increases dopamine can reverse the effects of inflammation on the brain in depression,
psychology,Join the Psychopharmacology Discord Server!,
psychology,"Identity—not income—drives desire to secede, according to new model",
psychology,FoMO and the brain: Loneliness and problematic social networking site use mediate the association between the topology of the resting-state EEG brain network and fear of missing out,
psychology,We Profiled the ‘Signs of Crisis’ in  Years of Mass Shootings. This Is What We Found.,
psychology,Miracles,
psychology,BetterHelp Users?,
psychology,New research indicates signs of depression can be detected in speech patterns| The research team found they could predict with % accuracy who would have scores on a measure of depression high enough to be clinically significant. This research may lead to new early screening methods for depression.,
psychology,"Hi, please fill out my dissertation survey. It takes - minutes and is about the outcomes of quality friendships! Thank you :)",
psychology,convolutional neural network for diagsois schizophrenia‏‏,
psychology,Terminal Philosophy Syndrome: A Wake-Up Call for All,
psychology,How understanding the trauma experienced by children of Holocaust survivors can help combat antisemitism and racism today.,
psychology,PARTICIPANTS REQUIRED!,
psychology,PARTICIPANTS REQUIRED,
psychology,The Importance of the Outdoor Environment for the Recovery of Psychiatric Patients: A Scoping Review,
psychology,"Excessive sleepiness could be a sign of Hypersomnia, here are the causes and treatments",
psychology,Sex drive: Theoretical conceptualization and meta-analytic review of gender differences.,
psychology,How to deal with a teenager in an ambiguous situation? He is abused but does not want to go to a shelter.,
psychology,How To Focus,
psychology,Project Veritas: Pfizer Allegedly Exploring 'Mutating' COVID For New Vaccines,
psychology,Woman With No Inner Monologue Explains How She Thinks,
psychology,Receive Free Sleep Coaching in a Paid UC Berkeley Sleep Study (Remote/USA),
psychology,What would our approach be in society if we didn't know the past as it is?,
psychology,Does Choosing Not to Think About a Certain Anxious Thought Constitute Lying to Yourself?,
psychology,"Daughters of mothers with healthier lifestyles have fewer depressive symptoms, study finds",
psychology,"Children can't be experts on themselves: character is created over a lifetime, not discovered whole",
psychology,Study: Blood-Based Test Could Detect Alzheimer's Disease Early,
psychology,Miracles,
psychology,Study: A D VR/mixed reality visualization of cyber network topology and simulated attack results in better dyadic cyber defense team communication and situational awareness,
psychology,What example of cognitive dissonance is the second message?,
psychology,Learning about threat from friends and strangers is equally effective: An fMRI study on observational fear conditioning,
psychology,"Are sex differences in self-estimated intelligence an elusive phenomenon? Exploring the role of working memory, creativity, and other psychological correlates in young and older adults.",
psychology,Get Over Lost Money: Dealing With Emotions From Financial Loss,
psychology,Evaluation of the reliability and validity of computerized tests of attention,
psychology,"Jungian Psychology, Minus the Nonsense",
psychology,"Hello, would you kindly fill out my survey?",
psychology,I'm working on a new choices-matter Steam indie game that demands the player psychoanalyze and use persuasive techniques to avoid conflict! Consider wishlisting!,
psychology,Unbelievable Secret to X Faster Manifestation Revealed by Dr Joe Dispenza in,
psychology,The biology of fear- and anxiety-related behaviors,
psychology,What does this game clip say about me?,
psychology,Sociopathy as a Lifestyle Brand,
psychology,New psychology research finds a link between insecure attachment and comedic style,
psychology,How to remember everything !,
psychology,Weekly Discussion Thread,"Welcome to the [r/psychology]( discussion thread!

As self-posts are still turned off, the mods have re-instituted discussion threads. Discussion threads will be ""refreshed"" each week (i.e., a new discussion thread will be posted for each week). Feel free to ask the community questions, comment on the state of the subreddit, or post content that would otherwise be disallowed.

Do you need help with homework? Have a question about a study you just read? Heard a psychology joke?

Need participants for a survey? Want to discuss or get critique for your research? Check out our [research thread!]( While submission rules are suspended in this thread, removal of content is still at the discretion of the moderators. [Reddiquette]( applies. Personal attacks, racism, sexism, etc will be removed. Repeated violations may result in a ban.

Recent discussions

[Click here for recent discussions from previous weeks.]("
psychology,What causes your brain to procrastinate and how to face it,
psychology,Did you really know this???,
psychology,Something that you didn't know...,
psychology,Something that you didn't know...,
psychology,Another truth bomb comes your way...,
psychology,Alcohol and Antidepressants: Should one be conscious of alcohol consumption while on antidepressants,
psychology,Women in the UK needed for research on body image,
psychology,Can karmic ties be eternal,
psychology,How Doctors ruin People's health for a lifetime.,
psychology,"Can a forensic psychologist interview/evaluate a potential crime suspect? Or if the criminal has already been inducted in prison, can a forensic psychologist further investigate why the person committed the crime? What is their job with the FBI and in what ways can they work together?",
psychology,Are there any clinical labels/terms for people who habitually blank stare at people and franticly look away when faced directly. Have you ever encountered such unwanted attention?,
psychology,The Narcissism of the Angry Young Men,
psychology,Dissertation project - Please read the info and complete it if you wish to participate. It is concerned with potential contributory factors related to Obsessive-Compulsive experiences. Anyone over  and without a clinical diagnosis of OCD can participate and it should take less than  minutes.,
psychology,Regular cannabis use is associated with history of childhood and lifetime trauma in a non-clinical community sample: Lifetime cumulative adversity was positively associated with cannabis use in both men and women.,
psychology,"Zest, hope, and self-regulation are the qualities most consistently associated with positive health outcomes, study finds",
psychology,This question came up on an assignment for my Personal Health course… I don’t really know how to answer this but I do know there is an answer (if that makes sense),
psychology,The Counselor's Counselor: The Story of Flame,
psychology,Anxiety's reinforcing habit loop in relation to dictatorships,
psychology,Controlling mind,
psychology,"Anti-Chinese bias harms Asian American businesses, according to new research",
psychology,Why do bad things happen to good people?,
psychology,How X-rated movies hijack sexuality: ‘I need to think about porn to have an orgasm’,
psychology,What Should I Do If My Child Has Autism?,
psychology,New study shows how mindfulness can benefit our romantic relationships,
psychology,The Four Types of Emotionally Immature Parents | Research shows parents inability to empathize and support their kids can result in adults who struggle with connecting with others and voicing their own needs,
psychology,pls do this survey! its anonymous dont worry :),
psychology,Does anyone know what this drawing mean?,
psychology,Psychiatric diagnosis 'scientifically meaningless'; a step in the right direction,
psychology,It appears that mindfulness apps can be more effective than traditional meditation methods,
psychology,Existentialist Psychology with Kirk J. Schneider,
psychology,"One in four people may experience estrangement from a sibling in adulthood, study finds |",
psychology,"The passage of anti-transgender legislation increases internet searches for “suicide” and “depression”| Researchers discovered that when states and local governments passed anti-transgender bills, suicide and depression searches increased.",
psychology,Ways to Help Your Adult Child Who Lacks Ambition,
psychology,"Scientists Tried to Break Cuddling. Instead, They Broke  Years of Research.",
psychology,Large-scale cross-cultural study provides insights into mating performance and singlehood,
psychology,Classical condition at its cutest!,
psychology,Classical conditioning at its cutest! Treat Time!,
psychology,"The F responses to stress: fight, flight, freeze,fawn.",
psychology,What Current Public Figure Best Demonstrates the Dark Tetrad?,
psychology,Reading Daniel Kahneman's Thinking Fast and Slow with ChatGPT,
psychology,Practicing slow breathing improves the ability to handle stress and regulate your emotions and bodily functions by stimulating the parasympathetic nervous system,
psychology,"New study finds depression, poor mental health linked to higher heart disease risks among young adults",
psychology,Dating and Attraction Psych Survey,
psychology,The Critiques and Criticisms of Positive Psychology: A Systematic Review,
psychology,Emile Durkheim's Best,
psychology,"Study finds that poor sleep quality increases aggression, possibly by affecting emotional cognition",
psychology,The omen and should we believe in it,
psychology,Individuals experiencing psychiatric crises account for / of police shooting deaths and  million jail bookings per year,
psychology,Why You Must Meditate | Andrew Huberman,
psychology,The Radiant Therapy Proposed by Optimus Tesla in Psychoanalysis,
